Artists,Pictures
YoungThug,/artistsPictures/YoungThug_resized_cropped.png
MasterP,/artistsPictures/MasterP_resized_cropped.png
CypressHill,/artistsPictures/CypressHill_resized_cropped.png
Common,/artistsPictures/Common_resized_cropped.png
RickRoss,/artistsPictures/RickRoss_resized_cropped.png
MCLyte,/artistsPictures/MCLyte_resized_cropped.png
WizKhalifa,/artistsPictures/WizKhalifa_resized_cropped.png
KanyeWest,/artistsPictures/KanyeWest_resized_cropped.png
EricB.Rakim,/artistsPictures/EricB.Rakim_resized_cropped.png
LilWayne,/artistsPictures/LilWayne_resized_cropped.png
Drake,/artistsPictures/Drake_resized_cropped.png
50Cent,/artistsPictures/50Cent_resized_cropped.png
Migos,/artistsPictures/Migos_resized_cropped.png
LLCoolJ,/artistsPictures/LLCoolJ_resized_cropped.png
Raekwon,/artistsPictures/Raekwon_resized_cropped.png
Logic,/artistsPictures/Logic_resized_cropped.png
KRSOne,/artistsPictures/KRSOne_resized_cropped.png
MFDOOM,/artistsPictures/MFDOOM_resized_cropped.png
JuicyJ,/artistsPictures/JuicyJ_resized_cropped.png
SnoopDogg,/artistsPictures/SnoopDogg_resized_cropped.png
MethodMan,/artistsPictures/MethodMan_resized_cropped.png
cupcakKe,/artistsPictures/cupcakKe_resized_cropped.png
QueenLatifah,/artistsPictures/QueenLatifah_resized_cropped.png
MacMiller,/artistsPictures/MacMiller_resized_cropped.png
ABoogiewitdaHoodie,/artistsPictures/ABoogiewitdaHoodie_resized_cropped.png
TalibKweli,/artistsPictures/TalibKweli_resized_cropped.png
RunDMC,/artistsPictures/RunDMC_resized_cropped.png
AAPFerg,/artistsPictures/AAPFerg_resized_cropped.png
LilUziVert,/artistsPictures/LilUziVert_resized_cropped.png
RZA,/artistsPictures/RZA_resized_cropped.png
BigSean,/artistsPictures/BigSean_resized_cropped.png
BoneThugsNHarmony,/artistsPictures/BoneThugsNHarmony_resized_cropped.png
BigDaddyKane,/artistsPictures/BigDaddyKane_resized_cropped.png
BizMarkie,/artistsPictures/BizMarkie_resized_cropped.png
CardiB,/artistsPictures/CardiB_resized_cropped.png
Twista,/artistsPictures/Twista_resized_cropped.png
LupeFiasco,/artistsPictures/LupeFiasco_resized_cropped.png
Eminem,/artistsPictures/Eminem_resized_cropped.png
TylerTheCreator,/artistsPictures/TylerTheCreator_resized_cropped.png
ScHoolboyQ,/artistsPictures/ScHoolboyQ_resized_cropped.png
JoeyBada,/artistsPictures/JoeyBada_resized_cropped.png
KevinGates,/artistsPictures/KevinGates_resized_cropped.png
SouljaBoy,/artistsPictures/SouljaBoy_resized_cropped.png
Royceda59,/artistsPictures/Royceda59_resized_cropped.png
IceT,/artistsPictures/IceT_resized_cropped.png
J.Cole,/artistsPictures/J.Cole_resized_cropped.png
Jeezy,/artistsPictures/Jeezy_resized_cropped.png
FatJoe,/artistsPictures/FatJoe_resized_cropped.png
PublicEnemy,/artistsPictures/PublicEnemy_resized_cropped.png
SaltNPepa,/artistsPictures/SaltNPepa_resized_cropped.png
UGK,/artistsPictures/UGK_resized_cropped.png
LilKim,/artistsPictures/LilKim_resized_cropped.png
KendrickLamar,/artistsPictures/KendrickLamar_resized_cropped.png
E40,/artistsPictures/E40_resized_cropped.png
BustaRhymes,/artistsPictures/BustaRhymes_resized_cropped.png
ActionBronson,/artistsPictures/ActionBronson_resized_cropped.png
MobbDeep,/artistsPictures/MobbDeep_resized_cropped.png
Redman,/artistsPictures/Redman_resized_cropped.png
NickiMinaj,/artistsPictures/NickiMinaj_resized_cropped.png
MissyElliott,/artistsPictures/MissyElliott_resized_cropped.png
JAYZ,/artistsPictures/JAYZ_resized_cropped.png
Gunna,/artistsPictures/Gunna_resized_cropped.png
TravisScott,/artistsPictures/TravisScott_resized_cropped.png
RaeSremmurd,/artistsPictures/RaeSremmurd_resized_cropped.png
MosDef,/artistsPictures/MosDef_resized_cropped.png
21Savage,/artistsPictures/21Savage_resized_cropped.png
2Chainz,/artistsPictures/2Chainz_resized_cropped.png
2Pac,/artistsPictures/2Pac_resized_cropped.png
AAPRocky,/artistsPictures/AAPRocky_resized_cropped.png
VinceStaples,/artistsPictures/VinceStaples_resized_cropped.png
Camron,/artistsPictures/Camron_resized_cropped.png
Russ,/artistsPictures/Russ_resized_cropped.png
Wale,/artistsPictures/Wale_resized_cropped.png
Jadakiss,/artistsPictures/Jadakiss_resized_cropped.png
ATribeCalledQuest,/artistsPictures/ATribeCalledQuest_resized_cropped.png
KodakBlack,/artistsPictures/KodakBlack_resized_cropped.png
JuelzSantana,/artistsPictures/JuelzSantana_resized_cropped.png
TechN9ne,/artistsPictures/TechN9ne_resized_cropped.png
Ludacris,/artistsPictures/Ludacris_resized_cropped.png
GZA,/artistsPictures/GZA_resized_cropped.png
ChildishGambino,/artistsPictures/ChildishGambino_resized_cropped.png
LilBaby,/artistsPictures/LilBaby_resized_cropped.png
OutKast,/artistsPictures/OutKast_resized_cropped.png
Nas,/artistsPictures/Nas_resized_cropped.png
Scarface,/artistsPictures/Scarface_resized_cropped.png
IceCube,/artistsPictures/IceCube_resized_cropped.png
Nelly,/artistsPictures/Nelly_resized_cropped.png
JoeBudden,/artistsPictures/JoeBudden_resized_cropped.png
GucciMane,/artistsPictures/GucciMane_resized_cropped.png
DMX,/artistsPictures/DMX_resized_cropped.png
KidCudi,/artistsPictures/KidCudi_resized_cropped.png
Diddy,/artistsPictures/Diddy_resized_cropped.png
BeastieBoys,/artistsPictures/BeastieBoys_resized_cropped.png
DeLaSoul,/artistsPictures/DeLaSoul_resized_cropped.png
GhostfaceKillah,/artistsPictures/GhostfaceKillah_resized_cropped.png
GangStarr,/artistsPictures/GangStarr_resized_cropped.png
MeekMill,/artistsPictures/MeekMill_resized_cropped.png
Future,/artistsPictures/Future_resized_cropped.png
T.I.,/artistsPictures/T.I._resized_cropped.png
PushaT,/artistsPictures/PushaT_resized_cropped.png
